{"_timestamp": 1664543165, "_runtime": 177, "_step": 312, "train_loss_step": 0.6988203525543213, "train_acc_step": 0.8125, "epoch": 9, "trainer/global_step": 14070, "val_loss": 0.8155390024185181, "val_acc": 0.7250000238418579, "train_loss_epoch": 0.5655525326728821, "train_acc_epoch": 0.8012666702270508, "test_loss": 0.8572075963020325, "test_acc": 0.710099995136261, "_wandb": {"runtime": 176}}