{"_timestamp": 1664543568, "_runtime": 194, "_step": 374, "train_loss_step": 0.4082464277744293, "train_acc_step": 0.8125, "epoch": 11, "trainer/global_step": 16884, "val_loss": 0.7563815712928772, "val_acc": 0.745199978351593, "train_loss_epoch": 0.41627705097198486, "train_acc_epoch": 0.853866696357727, "test_loss": 0.8205683827400208, "test_acc": 0.7426000237464905, "_wandb": {"runtime": 194}}